tool_name,category,core_ai_feature,free_tier,free_tier_limit,paid_price_usd_per_user_per_month,pricing_model,jira_sync,best_workflow,notable_limitation,source_article
Productboard,Roadmap Planning,NLP feedback clustering and pain-point summarization,No,No free tier,20,Per-seat,Bi-directional,High-volume qualitative feedback synthesis,No standalone AI tier — AI requires team plan,https://productleadersdayindia.org/blogs/ai-tools-for-product-managers/ai-roadmap-planning-tools.html
Aha!,Roadmap Planning,AI release note drafting + feature description generation + velocity mapping,No,No free tier,59,Per-seat,Bi-directional,Enterprise multi-team coordination,High price point for small teams,https://productleadersdayindia.org/blogs/ai-tools-for-product-managers/ai-roadmap-planning-tools.html
ProductPlan,Roadmap Planning,Timeline automation and dependency flagging,No,No free tier,39,Per-seat,One-way (export),Stakeholder presentation roadmaps,Limited AI depth vs Productboard,https://productleadersdayindia.org/blogs/ai-tools-for-product-managers/ai-roadmap-planning-tools.html
Linear,Roadmap Planning,AI issue triaging and PR summarization,Yes,Limited projects,0 (free) / 8 (paid),Per-seat,Native,Engineering-led PM teams,Less suited to non-technical PMs,https://productleadersdayindia.org/blogs/ai-tools-for-product-managers/ai-roadmap-planning-tools.html
Notion AI,PRD Writing,In-document PRD generation from prompts,No,AI not on free Notion plan,10 (add-on to Notion),Per-seat,Via integration,PRD drafting and meeting notes,No native Jira sync without third-party,https://productleadersdayindia.org/blogs/ai-tools-for-product-managers/ai-prd-writing-tools.html
Atlassian Intelligence,PRD Writing,Jira ticket drafting + epic summarization + Confluence doc gen,No,Bundled with Jira Premium,Bundled,Bundled with Jira,Native,Jira-first teams,Requires Jira Premium or higher,https://productleadersdayindia.org/blogs/ai-tools-for-product-managers/ai-prd-writing-tools.html
Craft.io,PRD Writing,AI feature description generation and strategic alignment scoring,No,No free tier,39,Per-seat,Yes (Jira + Salesforce),Enterprise PRD workflows,Complex onboarding for small teams,https://productleadersdayindia.org/blogs/ai-tools-for-product-managers/ai-prd-writing-tools.html
Dovetail,User Research,Auto-tagging and insight clustering across sessions,Yes,Limited highlights,29,Per-seat,No,Longitudinal research repositories,Not suited for real-time unmoderated testing,https://productleadersdayindia.org/blogs/ai-tools-for-product-managers/ai-user-research-tools.html
Maze,User Research,AI survey analysis and usability scoring,Yes,1 study/mo + 30 responses,99,Per-seat,No,Quantitative usability testing,Free tier too limited for ongoing research,https://productleadersdayindia.org/blogs/ai-tools-for-product-managers/ai-user-research-tools.html
UserTesting,User Research,AI highlight reel generation from moderated sessions,No,No free tier,Contact sales,Enterprise,No,Moderated video session analysis,High cost — enterprise-only pricing,https://productleadersdayindia.org/blogs/ai-tools-for-product-managers/ai-user-research-tools.html
Grain,User Research,Interview clip auto-tagging,Yes,5 recordings,19,Per-seat,No,Sales and research crossover teams,Weak synthesis vs Dovetail,https://productleadersdayindia.org/blogs/ai-tools-for-product-managers/ai-user-research-tools.html
EnjoyHQ,User Research,Centralized AI synthesis across research repos,No,No free tier,Contact sales,Enterprise,No,Large org multi-team research,Requires significant data volume to be useful,https://productleadersdayindia.org/blogs/ai-tools-for-product-managers/ai-user-research-tools.html
v0 by Vercel,Prototyping,React UI component generation from text prompt,Yes,~200 credits/mo,20,Per-user or credit,No,Frontend-only component mocks,Credit burn fast on complex UIs,https://productleadersdayindia.org/blogs/ai-tools-for-product-managers/ai-prototyping-tools-for-pms.html
Lovable,Prototyping,Full React app scaffolding with backend hooks,Yes,Limited projects,25,Per-seat,No,Multi-page product prototypes,Not production-ready code,https://productleadersdayindia.org/blogs/ai-tools-for-product-managers/ai-prototyping-tools-for-pms.html
Bolt.new,Prototyping,Full-stack app generation (frontend + Node backend),Yes,Limited projects,20,Per-seat,No,End-to-end workflow demos,Security vulnerabilities in generated code,https://productleadersdayindia.org/blogs/ai-tools-for-product-managers/ai-prototyping-tools-for-pms.html
ChatGPT Plus,General AI Assistant,PRD drafting + competitor analysis + prompt-based synthesis,Yes (GPT-4o with limits),Rate limits on heavy use,20,Per-user,Via plugin/integration,Flexible PM workflows across all stages,Hallucination risk without source-grounded prompts,https://productleadersdayindia.org/blogs/ai-tools-for-product-managers/chatgpt-for-product-managers.html
Claude Pro,General AI Assistant,Long-document analysis + PRD drafting + structured output,No,No meaningful free tier for heavy use,20,Per-user,No native,Long PRDs + research synthesis,Context window filled fast with large documents,https://productleadersdayindia.org/blogs/ai-tools-for-product-managers/chatgpt-for-product-managers.html
Miro AI,Collaboration / Ideation,Sticky-note clustering and AI diagramming,Yes,Free boards with limited AI,8,Per-seat,No,Async brainstorming and affinity mapping,No AI tagging on free tier,https://productleadersdayindia.org/blogs/ai-tools-for-product-managers/free-ai-tools-for-product-managers.html
GitHub Copilot,Spec / Code Adjacent,Inline code suggestion for PMs writing scripts or configs,No,No free tier for individuals,10,Per-user,Via GitHub,PMs with light coding workflows,Not a PM-first tool,https://productleadersdayindia.org/blogs/ai-tools-for-product-managers/free-ai-tools-for-product-managers.html
Perplexity Pro,Research / Competitive Intel,Real-time web search with cited answers,Yes,Limited queries,20,Per-user,No,Competitive landscape research,Not suitable for internal data synthesis,https://productleadersdayindia.org/blogs/ai-tools-for-product-managers/ai-tools-for-product-managers.html
